Workbook

Sheet README
A1: RBL Bank — New Originations, Month-wise (SA customers): page-wise metric extraction
A2: Source: 04_New_Originations_Month_Wise.pdf (1 page, 2 tables: # customers × ATS and # customers × Sanction) | Mar-25 to Mar-26
A3: ⚠ DRAFT ONLY — Requires review and approval by a qualified Alvarez and Marsal professional before use.
A5: Sheet map
A6: B1_Originations | B6: Product × footprint × month: # customers, ATS (₹ lakh), Sanction (₹ Cr), with implied-sanction check, roll-ups by product / footprint / month and growth
A7: B1_Metrics | B7: Notation + exhaustive metrics
A9: Colour legend
A10: Blue text | B10: Hard-coded input transcribed from the PDF
A11: Blue italic on grey | B11: Budget / projected value (ᴾ) transcribed from the PDF
A12: Black text | B12: Formula on the same sheet
A13: Green text | B13: Link to another sheet
A14: Yellow fill | B14: Data flag to review
A16: Key assumptions (confirm with client)
A17: 1 | B17: Months are re-ordered chronologically (Mar-25 → Mar-26). Mar-26 is a partial month (customer counts ~5% of a normal month) and is excluded from run-rates unless stated.
A18: 2 | B18: The second table's month headers are mis-labelled on the page (Mar-25, Feb-25, Jan-25, Dec-24 …); customer counts are identical to the first table, so the Sanction columns are mapped to the first table's months.
A19: 3 | B19: Sanction ≈ # × ATS ÷ 100 (ATS in ₹ lakh → ₹ Cr); implied sanction is checked against printed sanction (rounding to whole ₹ Cr).
A20: 4 | B20: 'Customer Footprint # Customers' is taken as the 13-month distinct customer count for the row.
A21: 5 | B21: 'SA' customer type filter — origination counts are SA (savings-account) customers taking the product; OFFUS / ONUS denote the credit-footprint flag.
A22: Confidentiality | B22: Client-confidential RBL Bank data.
A24: ⚠ DRAFT ONLY — Requires review and approval by a qualified Alvarez and Marsal professional before use.

Sheet B1_Originations
A1: Block 1 — New originations by product × footprint × month
A2: Source: New Originations – Month Wise.pdf | # distinct customers, ATS ₹ lakh, Sanction ₹ Cr | Mar-25 … Mar-26 (Mar-26 partial)
A3: ⚠ DRAFT ONLY — Requires review and approval by a qualified Alvarez and Marsal professional before use.
A5: A. # Distinct customers originated per month (blue) — row totals and growth computed
A6: # | B6: Product | C6: Footprint | D6: 13M distinct customers | E6: Mar-25 | F6: Apr-25 | G6: May-25 | H6: Jun-25 | I6: Jul-25 | J6: Aug-25 | K6: Sep-25 | L6: Oct-25 | M6: Nov-25 | N6: Dec-25 | O6: Jan-26 | P6: Feb-26 | Q6: Mar-26 | R6: Σ Apr-25…Feb-26 (11 full months) | S6: Avg / month (11M) | T6: Feb-26 vs Apr-25 | U6: Feb-26 vs Mar-25
A7: 1 | B7: Housing Loan | C7: OFFUS | D7: 35881 | E7: 3528 | F7: 1893 | G7: 2561 | H7: 2665 | I7: 2843 | J7: 2796 | K7: 3071 | L7: 2580 | M7: 2924 | N7: 3203 | O7: 2830 | P7: 3002 | Q7: 133 | R7: =SUM(F7:P7) -> 30368 | S7: =R7/11 -> 2760.7273 | T7: =IF(F7=0,"n/a",P7/F7-1) -> 0.58584258 | U7: =IF(E7=0,"n/a",P7/E7-1) -> -0.14909297
A8: 2 | B8: Housing Loan | C8: ONUS | D8: 4974 | E8: 481 | F8: 309 | G8: 411 | H8: 362 | I8: 398 | J8: 357 | K8: 433 | L8: 398 | M8: 413 | N8: 397 | O8: 428 | P8: 442 | Q8: 0 | R8: =SUM(F8:P8) -> 4348 | S8: =R8/11 -> 395.27273 | T8: =IF(F8=0,"n/a",P8/F8-1) -> 0.43042071 | U8: =IF(E8=0,"n/a",P8/E8-1) -> -0.081081081
A9: 3 | B9: Property Loan | C9: OFFUS | D9: 24378 | E9: 2395 | F9: 1391 | G9: 1694 | H9: 1755 | I9: 1959 | J9: 1819 | K9: 2061 | L9: 1853 | M9: 1934 | N9: 2147 | O9: 1985 | P9: 1995 | Q9: 31 | R9: =SUM(F9:P9) -> 20593 | S9: =R9/11 -> 1872.0909 | T9: =IF(F9=0,"n/a",P9/F9-1) -> 0.43421999 | U9: =IF(E9=0,"n/a",P9/E9-1) -> -0.16701461
A10: 4 | B10: Property Loan | C10: ONUS | D10: 1945 | E10: 144 | F10: 72 | G10: 109 | H10: 158 | I10: 182 | J10: 192 | K10: 216 | L10: 202 | M10: 207 | N10: 203 | O10: 224 | P10: 200 | Q10: 0 | R10: =SUM(F10:P10) -> 1965 | S10: =R10/11 -> 178.63636 | T10: =IF(F10=0,"n/a",P10/F10-1) -> 1.7777778 | U10: =IF(E10=0,"n/a",P10/E10-1) -> 0.38888889
A11: 5 | B11: Gold Loan | C11: OFFUS | D11: 132558 | E11: 5718 | F11: 6331 | G11: 9260 | H11: 9374 | I11: 10635 | J11: 10120 | K11: 13881 | L11: 17869 | M11: 20113 | N11: 23679 | O11: 28506 | P11: 38463 | Q11: 4608 | R11: =SUM(F11:P11) -> 188231 | S11: =R11/11 -> 17111.909 | T11: =IF(F11=0,"n/a",P11/F11-1) -> 5.0753435 | U11: =IF(E11=0,"n/a",P11/E11-1) -> 5.7266527
A12: 6 | B12: Gold Loan | C12: ONUS | D12: 13102 | E12: 303 | F12: 404 | G12: 579 | H12: 627 | I12: 854 | J12: 911 | K12: 1459 | L12: 1782 | M12: 2745 | N12: 3345 | O12: 3801 | P12: 3524 | Q12: 0 | R12: =SUM(F12:P12) -> 20031 | S12: =R12/11 -> 1821 | T12: =IF(F12=0,"n/a",P12/F12-1) -> 7.7227723 | U12: =IF(E12=0,"n/a",P12/E12-1) -> 10.630363
A13: 7 | B13: Two Wheeler Loan | C13: OFFUS | D13: 49237 | E13: 3650 | F13: 3688 | G13: 3628 | H13: 3680 | I13: 3594 | J13: 3712 | K13: 3616 | L13: 7101 | M13: 4185 | N13: 3315 | O13: 3965 | P13: 3425 | Q13: 470 | R13: =SUM(F13:P13) -> 43909 | S13: =R13/11 -> 3991.7273 | T13: =IF(F13=0,"n/a",P13/F13-1) -> -0.071312364 | U13: =IF(E13=0,"n/a",P13/E13-1) -> -0.061643836
A14: 8 | B14: Two Wheeler Loan | C14: ONUS | D14: 434 | E14: 38 | F14: 43 | G14: 54 | H14: 33 | I14: 41 | J14: 25 | K14: 20 | L14: 58 | M14: 29 | N14: 26 | O14: 25 | P14: 13 | Q14: 0 | R14: =SUM(F14:P14) -> 367 | S14: =R14/11 -> 33.363636 | T14: =IF(F14=0,"n/a",P14/F14-1) -> -0.69767442 | U14: =IF(E14=0,"n/a",P14/E14-1) -> -0.65789474
A15: 9 | B15: Auto Loan | C15: OFFUS | D15: 32479 | E15: 2596 | F15: 2052 | G15: 2125 | H15: 2210 | I15: 2473 | J15: 2413 | K15: 2784 | L15: 3387 | M15: 2342 | N15: 3275 | O15: 2356 | P15: 2318 | Q15: 147 | R15: =SUM(F15:P15) -> 27735 | S15: =R15/11 -> 2521.3636 | T15: =IF(F15=0,"n/a",P15/F15-1) -> 0.12962963 | U15: =IF(E15=0,"n/a",P15/E15-1) -> -0.10708783
A16: 10 | B16: Auto Loan | C16: ONUS | D16: 86 | E16: 9 | F16: 11 | G16: 6 | H16: 3 | I16: 5 | J16: 6 | K16: 11 | L16: 12 | M16: 4 | N16: 0 | O16: 9 | P16: 11 | Q16: 0 | R16: =SUM(F16:P16) -> 78 | S16: =R16/11 -> 7.0909091 | T16: =IF(F16=0,"n/a",P16/F16-1) -> 0 | U16: =IF(E16=0,"n/a",P16/E16-1) -> 0.22222222
A17: 11 | B17: Rural Vehicle Finance | C17: OFFUS | D17: 4311 | E17: 332 | F17: 276 | G17: 333 | H17: 365 | I17: 336 | J17: 255 | K17: 289 | L17: 484 | M17: 417 | N17: 318 | O17: 335 | P17: 276 | Q17: 13 | R17: =SUM(F17:P17) -> 3684 | S17: =R17/11 -> 334.90909 | T17: =IF(F17=0,"n/a",P17/F17-1) -> 0 | U17: =IF(E17=0,"n/a",P17/E17-1) -> -0.1686747
A18: 12 | B18: Rural Vehicle Finance | C18: ONUS | D18: 240 | E18: 21 | F18: 10 | G18: 17 | H18: 14 | I18: 14 | J18: 13 | K18: 17 | L18: 23 | M18: 31 | N18: 24 | O18: 86 | P18: 249 | Q18: 0 | R18: =SUM(F18:P18) -> 498 | S18: =R18/11 -> 45.272727 | T18: =IF(F18=0,"n/a",P18/F18-1) -> 23.9 | U18: =IF(E18=0,"n/a",P18/E18-1) -> 10.857143
... A34: 28 | B34: Used Car Loan | C34: ONUS | D34: 67 | E34: 6 | F34: 4 | G34: 3 | H34: 5 | I34: 3 | J34: 12 | K34: 1 | L34: 4 | M34: 6 | N34: 2 | O34: 2 | P34: 4 | Q34: 0 | R34: =SUM(F34:P34) -> 46 | S34: =R34/11 -> 4.1818182 | T34: =IF(F34=0,"n/a",P34/F34-1) -> 0 | U34: =IF(E34=0,"n/a",P34/E34-1) -> -0.33333333
A38: B. ATS (₹ lakh) per month (blue) — 11M weighted average and growth computed
A39: # | B39: Product | C39: Footprint | D39: 13M distinct customers | E39: Mar-25 | F39: Apr-25 | G39: May-25 | H39: Jun-25 | I39: Jul-25 | J39: Aug-25 | K39: Sep-25 | L39: Oct-25 | M39: Nov-25 | N39: Dec-25 | O39: Jan-26 | P39: Feb-26 | Q39: Mar-26 | R39: 11M Σ or wtd avg | S39: Feb-26 vs Apr-25 | T39: Feb-26 vs Mar-25 | U39: Implied check
A40: 1 | B40: Housing Loan | C40: OFFUS | D40: 35881 | E40: 61.17 | F40: 55.3 | G40: 55.16 | H40: 54.57 | I40: 57.33 | J40: 61.59 | K40: 65.23 | L40: 66.53 | M40: 61 | N40: 67.53 | O40: 60.46 | P40: 58.26 | Q40: 62.9 | R40: =IFERROR(SUMPRODUCT(F40:P40,F7:P7)/SUM(F7:P7),"n/a") -> 60.56379 | S40: =IF(F40=0,"n/a",P40/F40-1) -> 0.053526221 | T40: =IF(E40=0,"n/a",P40/E40-1) -> -0.047572339
A41: 2 | B41: Housing Loan | C41: ONUS | D41: 4974 | E41: 28.96 | F41: 30.02 | G41: 28.03 | H41: 34.41 | I41: 26.93 | J41: 29.09 | K41: 60.02 | L41: 39.94 | M41: 36.66 | N41: 32.41 | O41: 33.07 | P41: 31.48 | Q41: 0 | R41: =IFERROR(SUMPRODUCT(F41:P41,F8:P8)/SUM(F8:P8),"n/a") -> 35.031382 | S41: =IF(F41=0,"n/a",P41/F41-1) -> 0.048634244 | T41: =IF(E41=0,"n/a",P41/E41-1) -> 0.087016575
A42: 3 | B42: Property Loan | C42: OFFUS | D42: 24378 | E42: 83.65 | F42: 85.37 | G42: 84.36 | H42: 79.05 | I42: 78.3 | J42: 97.73 | K42: 105.08 | L42: 86.23 | M42: 90.35 | N42: 109.91 | O42: 108.89 | P42: 89 | Q42: 99.06 | R42: =IFERROR(SUMPRODUCT(F42:P42,F9:P9)/SUM(F9:P9),"n/a") -> 92.862537 | S42: =IF(F42=0,"n/a",P42/F42-1) -> 0.042520792 | T42: =IF(E42=0,"n/a",P42/E42-1) -> 0.063956964
A43: 4 | B43: Property Loan | C43: ONUS | D43: 1945 | E43: 160.57 | F43: 248.07 | G43: 62.66 | H43: 89.14 | I43: 74.67 | J43: 83.27 | K43: 79.28 | L43: 88.62 | M43: 88.38 | N43: 114.14 | O43: 93.09 | P43: 74.77 | Q43: 0 | R43: =IFERROR(SUMPRODUCT(F43:P43,F10:P10)/SUM(F10:P10),"n/a") -> 91.933761 | S43: =IF(F43=0,"n/a",P43/F43-1) -> -0.69859314 | T43: =IF(E43=0,"n/a",P43/E43-1) -> -0.53434639
A44: 5 | B44: Gold Loan | C44: OFFUS | D44: 132558 | E44: 2.56 | F44: 2.41 | G44: 2.58 | H44: 2.6 | I44: 2.77 | J44: 2.92 | K44: 3.23 | L44: 3.47 | M44: 3.46 | N44: 3.85 | O44: 4.16 | P44: 4.71 | Q44: 4.68 | R44: =IFERROR(SUMPRODUCT(F44:P44,F11:P11)/SUM(F11:P11),"n/a") -> 3.6650294 | S44: =IF(F44=0,"n/a",P44/F44-1) -> 0.95435685 | T44: =IF(E44=0,"n/a",P44/E44-1) -> 0.83984375
A45: 6 | B45: Gold Loan | C45: ONUS | D45: 13102 | E45: 4.06 | F45: 4 | G45: 3.93 | H45: 4.1 | I45: 3.94 | J45: 4.19 | K45: 4.64 | L45: 4.74 | M45: 5.62 | N45: 6.18 | O45: 6.55 | P45: 7.58 | Q45: 0 | R45: =IFERROR(SUMPRODUCT(F45:P45,F12:P12)/SUM(F12:P12),"n/a") -> 5.8193765 | S45: =IF(F45=0,"n/a",P45/F45-1) -> 0.895 | T45: =IF(E45=0,"n/a",P45/E45-1) -> 0.86699507
A46: 7 | B46: Two Wheeler Loan | C46: OFFUS | D46: 49237 | E46: 1.18 | F46: 1.06 | G46: 1.08 | H46: 1.1 | I46: 1.12 | J46: 1.11 | K46: 1.12 | L46: 1.01 | M46: 1.06 | N46: 1.16 | O46: 1.06 | P46: 1.11 | Q46: 1.08 | R46: =IFERROR(SUMPRODUCT(F46:P46,F13:P13)/SUM(F13:P13),"n/a") -> 1.0824478 | S46: =IF(F46=0,"n/a",P46/F46-1) -> 0.047169811 | T46: =IF(E46=0,"n/a",P46/E46-1) -> -0.059322034
A47: 8 | B47: Two Wheeler Loan | C47: ONUS | D47: 434 | E47: 0.94 | F47: 0.92 | G47: 0.95 | H47: 0.97 | I47: 0.95 | J47: 0.93 | K47: 0.94 | L47: 0.86 | M47: 0.84 | N47: 0.94 | O47: 0.85 | P47: 0.93 | Q47: 0 | R47: =IFERROR(SUMPRODUCT(F47:P47,F14:P14)/SUM(F14:P14),"n/a") -> 0.91523161 | S47: =IF(F47=0,"n/a",P47/F47-1) -> 0.010869565 | T47: =IF(E47=0,"n/a",P47/E47-1) -> -0.010638298
A48: 9 | B48: Auto Loan | C48: OFFUS | D48: 32479 | E48: 13.12 | F48: 13.64 | G48: 13.78 | H48: 12.75 | I48: 12.63 | J48: 13.58 | K48: 13.06 | L48: 11.91 | M48: 12.79 | N48: 12.44 | O48: 13.43 | P48: 12.93 | Q48: 11.05 | R48: =IFERROR(SUMPRODUCT(F48:P48,F15:P15)/SUM(F15:P15),"n/a") -> 12.924392 | S48: =IF(F48=0,"n/a",P48/F48-1) -> -0.052052786 | T48: =IF(E48=0,"n/a",P48/E48-1) -> -0.014481707
A49: 10 | B49: Auto Loan | C49: ONUS | D49: 86 | E49: 9.94 | F49: 10.32 | G49: 17.62 | H49: 8.07 | I49: 7.03 | J49: 13.67 | K49: 20.88 | L49: 12.64 | M49: 6.65 | N49: 0 | O49: 9.11 | P49: 10.66 | Q49: 0 | R49: =IFERROR(SUMPRODUCT(F49:P49,F16:P16)/SUM(F16:P16),"n/a") -> 12.408077 | S49: =IF(F49=0,"n/a",P49/F49-1) -> 0.032945736 | T49: =IF(E49=0,"n/a",P49/E49-1) -> 0.072434608
A50: 11 | B50: Rural Vehicle Finance | C50: OFFUS | D50: 4311 | E50: 5 | F50: 5.08 | G50: 4.93 | H50: 5.11 | I50: 5.01 | J50: 6.02 | K50: 5.23 | L50: 5.49 | M50: 5.04 | N50: 5.13 | O50: 4.98 | P50: 5.2 | Q50: 5.98 | R50: =IFERROR(SUMPRODUCT(F50:P50,F17:P17)/SUM(F17:P17),"n/a") -> 5.1934121 | S50: =IF(F50=0,"n/a",P50/F50-1) -> 0.023622047 | T50: =IF(E50=0,"n/a",P50/E50-1) -> 0.04
A51: 12 | B51: Rural Vehicle Finance | C51: ONUS | D51: 240 | E51: 5.35 | F51: 5.97 | G51: 5.04 | H51: 5.04 | I51: 4.62 | J51: 5.2 | K51: 5.51 | L51: 4.62 | M51: 5.59 | N51: 4.75 | O51: 4.8 | P51: 4.54 | Q51: 0 | R51: =IFERROR(SUMPRODUCT(F51:P51,F18:P18)/SUM(F18:P18),"n/a") -> 4.776506 | S51: =IF(F51=0,"n/a",P51/F51-1) -> -0.23953099 | T51: =IF(E51=0,"n/a",P51/E51-1) -> -0.15140187
... A67: 28 | B67: Used Car Loan | C67: ONUS | D67: 67 | E67: 6.08 | F67: 4.33 | G67: 4.04 | H67: 2.08 | I67: 8.98 | J67: 9.2 | K67: 5.06 | L67: 9.5 | M67: 6.87 | N67: 8.72 | O67: 6 | P67: 8.28 | Q67: 0 | R67: =IFERROR(SUMPRODUCT(F67:P67,F34:P34)/SUM(F34:P34),"n/a") -> 7.043913 | S67: =IF(F67=0,"n/a",P67/F67-1) -> 0.91224018 | T67: =IF(E67=0,"n/a",P67/E67-1) -> 0.36184211
A71: C. Sanction (₹ Cr) per month (blue) — totals, growth and implied-sanction check (|Σ #×ATS÷100 − Σ printed|)
A72: # | B72: Product | C72: Footprint | D72: 13M distinct customers | E72: Mar-25 | F72: Apr-25 | G72: May-25 | H72: Jun-25 | I72: Jul-25 | J72: Aug-25 | K72: Sep-25 | L72: Oct-25 | M72: Nov-25 | N72: Dec-25 | O72: Jan-26 | P72: Feb-26 | Q72: Mar-26 | R72: 11M Σ or wtd avg | S72: Feb-26 vs Apr-25 | T72: Feb-26 vs Mar-25 | U72: Implied check
A73: 1 | B73: Housing Loan | C73: OFFUS | D73: 35881 | E73: 2158 | F73: 1047 | G73: 1413 | H73: 1454 | I73: 1630 | J73: 1722 | K73: 2003 | L73: 1716 | M73: 1784 | N73: 2163 | O73: 1711 | P73: 1749 | Q73: 84 | R73: =SUM(F73:P73) -> 18392 | S73: =IF(F73=0,"n/a",P73/F73-1) -> 0.67048711 | T73: =IF(E73=0,"n/a",P73/E73-1) -> -0.18952734 | U73: =MAX(ABS(SUMPRODUCT(E7:Q7,E40:Q40)/100-SUM(E73:Q73)),0) -> 0.2536
A74: 2 | B74: Housing Loan | C74: ONUS | D74: 4974 | E74: 139 | F74: 93 | G74: 115 | H74: 125 | I74: 107 | J74: 104 | K74: 260 | L74: 159 | M74: 151 | N74: 129 | O74: 142 | P74: 139 | Q74: 0 | R74: =SUM(F74:P74) -> 1524 | S74: =IF(F74=0,"n/a",P74/F74-1) -> 0.49462366 | T74: =IF(E74=0,"n/a",P74/E74-1) -> 0 | U74: =MAX(ABS(SUMPRODUCT(E8:Q8,E41:Q41)/100-SUM(E74:Q74)),0) -> 0.5379
A75: 3 | B75: Property Loan | C75: OFFUS | D75: 24378 | E75: 2003 | F75: 1188 | G75: 1429 | H75: 1387 | I75: 1534 | J75: 1778 | K75: 2166 | L75: 1598 | M75: 1747 | N75: 2360 | O75: 2162 | P75: 1775 | Q75: 31 | R75: =SUM(F75:P75) -> 19124 | S75: =IF(F75=0,"n/a",P75/F75-1) -> 0.49410774 | T75: =IF(E75=0,"n/a",P75/E75-1) -> -0.11382926 | U75: =MAX(ABS(SUMPRODUCT(E9:Q9,E42:Q42)/100-SUM(E75:Q75)),0) -> 0.6917
A76: 4 | B76: Property Loan | C76: ONUS | D76: 1945 | E76: 231 | F76: 179 | G76: 68 | H76: 141 | I76: 136 | J76: 160 | K76: 171 | L76: 179 | M76: 183 | N76: 232 | O76: 209 | P76: 150 | Q76: 0 | R76: =SUM(F76:P76) -> 1808 | S76: =IF(F76=0,"n/a",P76/F76-1) -> -0.16201117 | T76: =IF(E76=0,"n/a",P76/E76-1) -> -0.35064935 | U76: =MAX(ABS(SUMPRODUCT(E10:Q10,E43:Q43)/100-SUM(E76:Q76)),0) -> 1.2808
A77: 5 | B77: Gold Loan | C77: OFFUS | D77: 132558 | E77: 146 | F77: 152 | G77: 239 | H77: 244 | I77: 295 | J77: 295 | K77: 448 | L77: 620 | M77: 696 | N77: 913 | O77: 1185 | P77: 1811 | Q77: 215 | R77: =SUM(F77:P77) -> 6898 | S77: =IF(F77=0,"n/a",P77/F77-1) -> 10.914474 | T77: =IF(E77=0,"n/a",P77/E77-1) -> 11.40411 | U77: =MAX(ABS(SUMPRODUCT(E11:Q11,E44:Q44)/100-SUM(E77:Q77)),0) -> 1.7566
A78: 6 | B78: Gold Loan | C78: ONUS | D78: 13102 | E78: 12 | F78: 16 | G78: 23 | H78: 26 | I78: 34 | J78: 38 | K78: 68 | L78: 84 | M78: 154 | N78: 207 | O78: 249 | P78: 267 | Q78: 0 | R78: =SUM(F78:P78) -> 1166 | S78: =IF(F78=0,"n/a",P78/F78-1) -> 15.6875 | T78: =IF(E78=0,"n/a",P78/E78-1) -> 21.25 | U78: =MAX(ABS(SUMPRODUCT(E12:Q12,E45:Q45)/100-SUM(E78:Q78)),0) -> 0.0189
A79: 7 | B79: Two Wheeler Loan | C79: OFFUS | D79: 49237 | E79: 43 | F79: 39 | G79: 39 | H79: 40 | I79: 40 | J79: 41 | K79: 41 | L79: 72 | M79: 44 | N79: 39 | O79: 42 | P79: 38 | Q79: 5 | R79: =SUM(F79:P79) -> 475 | S79: =IF(F79=0,"n/a",P79/F79-1) -> -0.025641026 | T79: =IF(E79=0,"n/a",P79/E79-1) -> -0.11627907 | U79: =MAX(ABS(SUMPRODUCT(E13:Q13,E46:Q46)/100-SUM(E79:Q79)),0) -> 0.438
A80: 8 | B80: Two Wheeler Loan | C80: ONUS | D80: 434 | E80: 0 | F80: 0 | G80: 1 | H80: 0 | I80: 0 | J80: 0 | K80: 0 | L80: 0 | M80: 0 | N80: 0 | O80: 0 | P80: 0 | Q80: 0 | R80: =SUM(F80:P80) -> 1 | S80: =IF(F80=0,"n/a",P80/F80-1) -> n/a | T80: =IF(E80=0,"n/a",P80/E80-1) -> n/a | U80: =MAX(ABS(SUMPRODUCT(E14:Q14,E47:Q47)/100-SUM(E80:Q80)),0) -> 2.7161
A81: 9 | B81: Auto Loan | C81: OFFUS | D81: 32479 | E81: 341 | F81: 280 | G81: 293 | H81: 282 | I81: 312 | J81: 328 | K81: 364 | L81: 404 | M81: 300 | N81: 408 | O81: 316 | P81: 300 | Q81: 16 | R81: =SUM(F81:P81) -> 3587 | S81: =IF(F81=0,"n/a",P81/F81-1) -> 0.071428571 | T81: =IF(E81=0,"n/a",P81/E81-1) -> -0.1202346 | U81: =MAX(ABS(SUMPRODUCT(E15:Q15,E48:Q48)/100-SUM(E81:Q81)),0) -> 2.5811
A82: 10 | B82: Auto Loan | C82: ONUS | D82: 86 | E82: 1 | F82: 1 | G82: 1 | H82: 0 | I82: 0 | J82: 1 | K82: 2 | L82: 2 | M82: 0 | N82: 0 | O82: 1 | P82: 1 | Q82: 0 | R82: =SUM(F82:P82) -> 9 | S82: =IF(F82=0,"n/a",P82/F82-1) -> 0 | T82: =IF(E82=0,"n/a",P82/E82-1) -> 0 | U82: =MAX(ABS(SUMPRODUCT(E16:Q16,E49:Q49)/100-SUM(E82:Q82)),0) -> 0.5729
A83: 11 | B83: Rural Vehicle Finance | C83: OFFUS | D83: 4311 | E83: 17 | F83: 14 | G83: 16 | H83: 19 | I83: 17 | J83: 15 | K83: 15 | L83: 27 | M83: 21 | N83: 16 | O83: 17 | P83: 14 | Q83: 1 | R83: =SUM(F83:P83) -> 191 | S83: =IF(F83=0,"n/a",P83/F83-1) -> 0 | T83: =IF(E83=0,"n/a",P83/E83-1) -> -0.17647059 | U83: =MAX(ABS(SUMPRODUCT(E17:Q17,E50:Q50)/100-SUM(E83:Q83)),0) -> 0.2973
A84: 12 | B84: Rural Vehicle Finance | C84: ONUS | D84: 240 | E84: 1 | F84: 1 | G84: 1 | H84: 1 | I84: 1 | J84: 1 | K84: 1 | L84: 1 | M84: 2 | N84: 1 | O84: 4 | P84: 11 | Q84: 0 | R84: =SUM(F84:P84) -> 25 | S84: =IF(F84=0,"n/a",P84/F84-1) -> 10 | T84: =IF(E84=0,"n/a",P84/E84-1) -> 10 | U84: =MAX(ABS(SUMPRODUCT(E18:Q18,E51:Q51)/100-SUM(E84:Q84)),0) -> 1.0895
... A100: 28 | B100: Used Car Loan | C100: ONUS | D100: 67 | E100: 0 | F100: 0 | G100: 0 | H100: 0 | I100: 0 | J100: 1 | K100: 0 | L100: 0 | M100: 0 | N100: 0 | O100: 0 | P100: 0 | Q100: 0 | R100: =SUM(F100:P100) -> 1 | S100: =IF(F100=0,"n/a",P100/F100-1) -> n/a | T100: =IF(E100=0,"n/a",P100/E100-1) -> n/a | U100: =MAX(ABS(SUMPRODUCT(E34:Q34,E67:Q67)/100-SUM(E100:Q100)),0) -> 2.605
A104: D. Roll-ups by month (SUMIFS) — counts, sanction, implied ATS, footprint mix
A105: # | B105: Level | C105: Item | E105: Mar-25 | F105: Apr-25 | G105: May-25 | H105: Jun-25 | I105: Jul-25 | J105: Aug-25 | K105: Sep-25 | L105: Oct-25 | M105: Nov-25 | N105: Dec-25 | O105: Jan-26 | P105: Feb-26 | Q105: Mar-26 | R105: Σ 11 full months | S105: Avg / month | T105: Feb-26 vs Apr-25 | U105: Feb-26 vs Mar-25
A106: 1 | B106: Bank | C106: All products — # customers | E106: =SUM(E7:E35) -> 70837 | F106: =SUM(F7:F35) -> 64162 | G106: =SUM(G7:G35) -> 74295 | H106: =SUM(H7:H35) -> 78779 | I106: =SUM(I7:I35) -> 91867 | J106: =SUM(J7:J35) -> 95584 | K106: =SUM(K7:K35) -> 113823 | L106: =SUM(L7:L35) -> 134642 | ... Q106: =SUM(Q7:Q35) -> 15695 | R106: =SUM(F106:P106) -> 1196717 | S106: =R106/11 -> 108792.45 | T106: =P106/F106-1 -> 1.3166204 | U106: =P106/E106-1 -> 1.0983243
A107: 2 | B107: Bank | C107: All products — Sanction ₹ Cr | E107: =SUM(E73:E101) -> 7712 | F107: =SUM(F73:F101) -> 4580 | G107: =SUM(G73:G101) -> 5642 | H107: =SUM(H73:H101) -> 6329 | I107: =SUM(I73:I101) -> 6813 | J107: =SUM(J73:J101) -> 6851 | K107: =SUM(K73:K101) -> 8402 | L107: =SUM(L73:L101) -> 7442 | ... Q107: =SUM(Q73:Q101) -> 529 | R107: =SUM(F107:P107) -> 80994 | S107: =R107/11 -> 7363.0909 | T107: =P107/F107-1 -> 0.89061135 | U107: =P107/E107-1 -> 0.12279564
A108: 3 | B108: Bank | C108: Implied ATS ₹ lakh = Sanction × 100 ÷ # | E108: =IF(E106=0,"",E107*100/E106) -> 10.886966 | F108: =IF(F106=0,"",F107*100/F106) -> 7.1381815 | G108: =IF(G106=0,"",G107*100/G106) -> 7.5940507 | H108: =IF(H106=0,"",H107*100/H106) -> 8.0338669 | I108: =IF(I106=0,"",I107*100/I106) -> 7.416156 | J108: =IF(J106=0,"",J107*100/J106) -> 7.1675176 | K108: =IF(K106=0,"",K107*100/K106) -> 7.3816364 | L108: =IF(L106=0,"",L107*100/L106) -> 5.52725 | ... R108: =IF(R106=0,"",R107*100/R106) -> 6.7680162
A109: 4 | B109: Footprint | C109: OFFUS — # customers | E109: =SUMIFS(E$7:E$35,$C$7:$C$35,"OFFUS") -> 67150 | F109: =SUMIFS(F$7:F$35,$C$7:$C$35,"OFFUS") -> 61308 | G109: =SUMIFS(G$7:G$35,$C$7:$C$35,"OFFUS") -> 70580 | H109: =SUMIFS(H$7:H$35,$C$7:$C$35,"OFFUS") -> 75174 | I109: =SUMIFS(I$7:I$35,$C$7:$C$35,"OFFUS") -> 87771 | J109: =SUMIFS(J$7:J$35,$C$7:$C$35,"OFFUS") -> 91605 | K109: =SUMIFS(K$7:K$35,$C$7:$C$35,"OFFUS") -> 108362 | L109: =SUMIFS(L$7:L$35,$C$7:$C$35,"OFFUS") -> 128606 | ... Q109: =SUMIFS(Q$7:Q$35,$C$7:$C$35,"OFFUS") -> 15695 | R109: =SUM(F109:P109) -> 1136693 | S109: =R109/11 -> 103335.73 | T109: =P109/F109-1 -> 1.3003197 | U109: =P109/E109-1 -> 1.1001936
A110: 5 | B110: Footprint | C110: OFFUS — Sanction ₹ Cr | E110: =SUMIFS(E$73:E$101,$C$73:$C$101,"OFFUS") -> 7142 | F110: =SUMIFS(F$73:F$101,$C$73:$C$101,"OFFUS") -> 4161 | G110: =SUMIFS(G$73:G$101,$C$73:$C$101,"OFFUS") -> 5280 | H110: =SUMIFS(H$73:H$101,$C$73:$C$101,"OFFUS") -> 5847 | I110: =SUMIFS(I$73:I$101,$C$73:$C$101,"OFFUS") -> 6362 | J110: =SUMIFS(J$73:J$101,$C$73:$C$101,"OFFUS") -> 6410 | K110: =SUMIFS(K$73:K$101,$C$73:$C$101,"OFFUS") -> 7612 | L110: =SUMIFS(L$73:L$101,$C$73:$C$101,"OFFUS") -> 6893 | ... Q110: =SUMIFS(Q$73:Q$101,$C$73:$C$101,"OFFUS") -> 529 | R110: =SUM(F110:P110) -> 74348 | S110: =R110/11 -> 6758.9091 | T110: =P110/F110-1 -> 0.90747416 | U110: =P110/E110-1 -> 0.11131336
A111: 6 | B111: Footprint | C111: ONUS — # customers | E111: =SUMIFS(E$7:E$35,$C$7:$C$35,"ONUS") -> 3687 | F111: =SUMIFS(F$7:F$35,$C$7:$C$35,"ONUS") -> 2854 | G111: =SUMIFS(G$7:G$35,$C$7:$C$35,"ONUS") -> 3715 | H111: =SUMIFS(H$7:H$35,$C$7:$C$35,"ONUS") -> 3605 | I111: =SUMIFS(I$7:I$35,$C$7:$C$35,"ONUS") -> 4096 | J111: =SUMIFS(J$7:J$35,$C$7:$C$35,"ONUS") -> 3979 | K111: =SUMIFS(K$7:K$35,$C$7:$C$35,"ONUS") -> 5461 | L111: =SUMIFS(L$7:L$35,$C$7:$C$35,"ONUS") -> 6036 | ... Q111: =SUMIFS(Q$7:Q$35,$C$7:$C$35,"ONUS") -> 0 | R111: =SUM(F111:P111) -> 60024 | S111: =R111/11 -> 5456.7273 | T111: =P111/F111-1 -> 1.6667835 | U111: =P111/E111-1 -> 1.0642799
A112: 7 | B112: Footprint | C112: ONUS — Sanction ₹ Cr | E112: =SUMIFS(E$73:E$101,$C$73:$C$101,"ONUS") -> 570 | F112: =SUMIFS(F$73:F$101,$C$73:$C$101,"ONUS") -> 419 | G112: =SUMIFS(G$73:G$101,$C$73:$C$101,"ONUS") -> 362 | H112: =SUMIFS(H$73:H$101,$C$73:$C$101,"ONUS") -> 482 | I112: =SUMIFS(I$73:I$101,$C$73:$C$101,"ONUS") -> 451 | J112: =SUMIFS(J$73:J$101,$C$73:$C$101,"ONUS") -> 441 | K112: =SUMIFS(K$73:K$101,$C$73:$C$101,"ONUS") -> 790 | L112: =SUMIFS(L$73:L$101,$C$73:$C$101,"ONUS") -> 549 | ... Q112: =SUMIFS(Q$73:Q$101,$C$73:$C$101,"ONUS") -> 0 | R112: =SUM(F112:P112) -> 6646 | S112: =R112/11 -> 604.18182 | T112: =P112/F112-1 -> 0.72315036 | U112: =P112/E112-1 -> 0.26666667
A113: 8 | B113: Footprint | C113: ONUS share of # customers | E113: =E111/E106 -> 0.05204907 | F113: =F111/F106 -> 0.044481157 | G113: =G111/G106 -> 0.050003365 | H113: =H111/H106 -> 0.045760926 | I113: =I111/I106 -> 0.044586195 | J113: =J111/J106 -> 0.041628306 | K113: =K111/K106 -> 0.047978001 | L113: =L111/L106 -> 0.044829994 | ... R113: =R111/R106 -> 0.050157222
A114: 9 | B114: Footprint | C114: ONUS share of Sanction | E114: =E112/E107 -> 0.073910788 | F114: =F112/F107 -> 0.091484716 | G114: =G112/G107 -> 0.064161645 | H114: =H112/H107 -> 0.076157371 | I114: =I112/I107 -> 0.066196976 | J114: =J112/J107 -> 0.064370165 | K114: =K112/K107 -> 0.094025232 | L114: =L112/L107 -> 0.073770492 | ... R114: =R112/R107 -> 0.082055461
A115: 10 | B115: Product | C115: Housing Loan — # customers | E115: =SUMIFS(E$7:E$35,$B$7:$B$35,"Housing Loan") -> 4009 | F115: =SUMIFS(F$7:F$35,$B$7:$B$35,"Housing Loan") -> 2202 | G115: =SUMIFS(G$7:G$35,$B$7:$B$35,"Housing Loan") -> 2972 | H115: =SUMIFS(H$7:H$35,$B$7:$B$35,"Housing Loan") -> 3027 | I115: =SUMIFS(I$7:I$35,$B$7:$B$35,"Housing Loan") -> 3241 | J115: =SUMIFS(J$7:J$35,$B$7:$B$35,"Housing Loan") -> 3153 | K115: =SUMIFS(K$7:K$35,$B$7:$B$35,"Housing Loan") -> 3504 | L115: =SUMIFS(L$7:L$35,$B$7:$B$35,"Housing Loan") -> 2978 | ... Q115: =SUMIFS(Q$7:Q$35,$B$7:$B$35,"Housing Loan") -> 133 | R115: =SUM(F115:P115) -> 34716 | S115: =R115/11 -> 3156 | T115: =P115/F115-1 -> 0.5640327 | U115: =P115/E115-1 -> -0.1409329
A116: 11 | B116: Product | C116: Housing Loan — Sanction ₹ Cr | E116: =SUMIFS(E$73:E$101,$B$73:$B$101,"Housing Loan") -> 2297 | F116: =SUMIFS(F$73:F$101,$B$73:$B$101,"Housing Loan") -> 1140 | G116: =SUMIFS(G$73:G$101,$B$73:$B$101,"Housing Loan") -> 1528 | H116: =SUMIFS(H$73:H$101,$B$73:$B$101,"Housing Loan") -> 1579 | I116: =SUMIFS(I$73:I$101,$B$73:$B$101,"Housing Loan") -> 1737 | J116: =SUMIFS(J$73:J$101,$B$73:$B$101,"Housing Loan") -> 1826 | K116: =SUMIFS(K$73:K$101,$B$73:$B$101,"Housing Loan") -> 2263 | L116: =SUMIFS(L$73:L$101,$B$73:$B$101,"Housing Loan") -> 1875 | ... Q116: =SUMIFS(Q$73:Q$101,$B$73:$B$101,"Housing Loan") -> 84 | R116: =SUM(F116:P116) -> 19916 | S116: =R116/11 -> 1810.5455 | T116: =P116/F116-1 -> 0.65614035 | U116: =P116/E116-1 -> -0.17805834
A117: 12 | B117: Product | C117: Property Loan — # customers | E117: =SUMIFS(E$7:E$35,$B$7:$B$35,"Property Loan") -> 2539 | F117: =SUMIFS(F$7:F$35,$B$7:$B$35,"Property Loan") -> 1463 | G117: =SUMIFS(G$7:G$35,$B$7:$B$35,"Property Loan") -> 1803 | H117: =SUMIFS(H$7:H$35,$B$7:$B$35,"Property Loan") -> 1913 | I117: =SUMIFS(I$7:I$35,$B$7:$B$35,"Property Loan") -> 2141 | J117: =SUMIFS(J$7:J$35,$B$7:$B$35,"Property Loan") -> 2011 | K117: =SUMIFS(K$7:K$35,$B$7:$B$35,"Property Loan") -> 2277 | L117: =SUMIFS(L$7:L$35,$B$7:$B$35,"Property Loan") -> 2055 | ... Q117: =SUMIFS(Q$7:Q$35,$B$7:$B$35,"Property Loan") -> 31 | R117: =SUM(F117:P117) -> 22558 | S117: =R117/11 -> 2050.7273 | T117: =P117/F117-1 -> 0.50034176 | U117: =P117/E117-1 -> -0.13548641
A118: 13 | B118: Product | C118: Property Loan — Sanction ₹ Cr | E118: =SUMIFS(E$73:E$101,$B$73:$B$101,"Property Loan") -> 2234 | F118: =SUMIFS(F$73:F$101,$B$73:$B$101,"Property Loan") -> 1367 | G118: =SUMIFS(G$73:G$101,$B$73:$B$101,"Property Loan") -> 1497 | H118: =SUMIFS(H$73:H$101,$B$73:$B$101,"Property Loan") -> 1528 | I118: =SUMIFS(I$73:I$101,$B$73:$B$101,"Property Loan") -> 1670 | J118: =SUMIFS(J$73:J$101,$B$73:$B$101,"Property Loan") -> 1938 | K118: =SUMIFS(K$73:K$101,$B$73:$B$101,"Property Loan") -> 2337 | L118: =SUMIFS(L$73:L$101,$B$73:$B$101,"Property Loan") -> 1777 | ... Q118: =SUMIFS(Q$73:Q$101,$B$73:$B$101,"Property Loan") -> 31 | R118: =SUM(F118:P118) -> 20932 | S118: =R118/11 -> 1902.9091 | T118: =P118/F118-1 -> 0.40819312 | U118: =P118/E118-1 -> -0.13831692
A119: 14 | B119: Product | C119: Gold Loan — # customers | E119: =SUMIFS(E$7:E$35,$B$7:$B$35,"Gold Loan") -> 6021 | F119: =SUMIFS(F$7:F$35,$B$7:$B$35,"Gold Loan") -> 6735 | G119: =SUMIFS(G$7:G$35,$B$7:$B$35,"Gold Loan") -> 9839 | H119: =SUMIFS(H$7:H$35,$B$7:$B$35,"Gold Loan") -> 10001 | I119: =SUMIFS(I$7:I$35,$B$7:$B$35,"Gold Loan") -> 11489 | J119: =SUMIFS(J$7:J$35,$B$7:$B$35,"Gold Loan") -> 11031 | K119: =SUMIFS(K$7:K$35,$B$7:$B$35,"Gold Loan") -> 15340 | L119: =SUMIFS(L$7:L$35,$B$7:$B$35,"Gold Loan") -> 19651 | ... Q119: =SUMIFS(Q$7:Q$35,$B$7:$B$35,"Gold Loan") -> 4608 | R119: =SUM(F119:P119) -> 208262 | S119: =R119/11 -> 18932.909 | T119: =P119/F119-1 -> 5.23415 | U119: =P119/E119-1 -> 5.9734263
A120: 15 | B120: Product | C120: Gold Loan — Sanction ₹ Cr | E120: =SUMIFS(E$73:E$101,$B$73:$B$101,"Gold Loan") -> 158 | F120: =SUMIFS(F$73:F$101,$B$73:$B$101,"Gold Loan") -> 168 | G120: =SUMIFS(G$73:G$101,$B$73:$B$101,"Gold Loan") -> 262 | H120: =SUMIFS(H$73:H$101,$B$73:$B$101,"Gold Loan") -> 270 | I120: =SUMIFS(I$73:I$101,$B$73:$B$101,"Gold Loan") -> 329 | J120: =SUMIFS(J$73:J$101,$B$73:$B$101,"Gold Loan") -> 333 | K120: =SUMIFS(K$73:K$101,$B$73:$B$101,"Gold Loan") -> 516 | L120: =SUMIFS(L$73:L$101,$B$73:$B$101,"Gold Loan") -> 704 | ... Q120: =SUMIFS(Q$73:Q$101,$B$73:$B$101,"Gold Loan") -> 215 | R120: =SUM(F120:P120) -> 8064 | S120: =R120/11 -> 733.09091 | T120: =P120/F120-1 -> 11.369048 | U120: =P120/E120-1 -> 12.151899
A121: 16 | B121: Product | C121: Two Wheeler Loan — # customers | E121: =SUMIFS(E$7:E$35,$B$7:$B$35,"Two Wheeler Loan") -> 3688 | F121: =SUMIFS(F$7:F$35,$B$7:$B$35,"Two Wheeler Loan") -> 3731 | G121: =SUMIFS(G$7:G$35,$B$7:$B$35,"Two Wheeler Loan") -> 3682 | H121: =SUMIFS(H$7:H$35,$B$7:$B$35,"Two Wheeler Loan") -> 3713 | I121: =SUMIFS(I$7:I$35,$B$7:$B$35,"Two Wheeler Loan") -> 3635 | J121: =SUMIFS(J$7:J$35,$B$7:$B$35,"Two Wheeler Loan") -> 3737 | K121: =SUMIFS(K$7:K$35,$B$7:$B$35,"Two Wheeler Loan") -> 3636 | L121: =SUMIFS(L$7:L$35,$B$7:$B$35,"Two Wheeler Loan") -> 7159 | ... Q121: =SUMIFS(Q$7:Q$35,$B$7:$B$35,"Two Wheeler Loan") -> 470 | R121: =SUM(F121:P121) -> 44276 | S121: =R121/11 -> 4025.0909 | T121: =P121/F121-1 -> -0.078531225 | U121: =P121/E121-1 -> -0.067787419
A122: 17 | B122: Product | C122: Two Wheeler Loan — Sanction ₹ Cr | E122: =SUMIFS(E$73:E$101,$B$73:$B$101,"Two Wheeler Loan") -> 43 | F122: =SUMIFS(F$73:F$101,$B$73:$B$101,"Two Wheeler Loan") -> 39 | G122: =SUMIFS(G$73:G$101,$B$73:$B$101,"Two Wheeler Loan") -> 40 | H122: =SUMIFS(H$73:H$101,$B$73:$B$101,"Two Wheeler Loan") -> 40 | I122: =SUMIFS(I$73:I$101,$B$73:$B$101,"Two Wheeler Loan") -> 40 | J122: =SUMIFS(J$73:J$101,$B$73:$B$101,"Two Wheeler Loan") -> 41 | K122: =SUMIFS(K$73:K$101,$B$73:$B$101,"Two Wheeler Loan") -> 41 | L122: =SUMIFS(L$73:L$101,$B$73:$B$101,"Two Wheeler Loan") -> 72 | ... Q122: =SUMIFS(Q$73:Q$101,$B$73:$B$101,"Two Wheeler Loan") -> 5 | R122: =SUM(F122:P122) -> 476 | S122: =R122/11 -> 43.272727 | T122: =P122/F122-1 -> -0.025641026 | U122: =P122/E122-1 -> -0.11627907
A123: 18 | B123: Product | C123: Auto Loan — # customers | E123: =SUMIFS(E$7:E$35,$B$7:$B$35,"Auto Loan") -> 2605 | F123: =SUMIFS(F$7:F$35,$B$7:$B$35,"Auto Loan") -> 2063 | G123: =SUMIFS(G$7:G$35,$B$7:$B$35,"Auto Loan") -> 2131 | H123: =SUMIFS(H$7:H$35,$B$7:$B$35,"Auto Loan") -> 2213 | I123: =SUMIFS(I$7:I$35,$B$7:$B$35,"Auto Loan") -> 2478 | J123: =SUMIFS(J$7:J$35,$B$7:$B$35,"Auto Loan") -> 2419 | K123: =SUMIFS(K$7:K$35,$B$7:$B$35,"Auto Loan") -> 2795 | L123: =SUMIFS(L$7:L$35,$B$7:$B$35,"Auto Loan") -> 3399 | ... Q123: =SUMIFS(Q$7:Q$35,$B$7:$B$35,"Auto Loan") -> 147 | R123: =SUM(F123:P123) -> 27813 | S123: =R123/11 -> 2528.4545 | T123: =P123/F123-1 -> 0.12893844 | U123: =P123/E123-1 -> -0.1059501
A124: 19 | B124: Product | C124: Auto Loan — Sanction ₹ Cr | E124: =SUMIFS(E$73:E$101,$B$73:$B$101,"Auto Loan") -> 342 | F124: =SUMIFS(F$73:F$101,$B$73:$B$101,"Auto Loan") -> 281 | G124: =SUMIFS(G$73:G$101,$B$73:$B$101,"Auto Loan") -> 294 | H124: =SUMIFS(H$73:H$101,$B$73:$B$101,"Auto Loan") -> 282 | I124: =SUMIFS(I$73:I$101,$B$73:$B$101,"Auto Loan") -> 312 | J124: =SUMIFS(J$73:J$101,$B$73:$B$101,"Auto Loan") -> 329 | K124: =SUMIFS(K$73:K$101,$B$73:$B$101,"Auto Loan") -> 366 | L124: =SUMIFS(L$73:L$101,$B$73:$B$101,"Auto Loan") -> 406 | ... Q124: =SUMIFS(Q$73:Q$101,$B$73:$B$101,"Auto Loan") -> 16 | R124: =SUM(F124:P124) -> 3596 | S124: =R124/11 -> 326.90909 | T124: =P124/F124-1 -> 0.071174377 | U124: =P124/E124-1 -> -0.11988304
A125: 20 | B125: Product | C125: Rural Vehicle Finance — # customers | E125: =SUMIFS(E$7:E$35,$B$7:$B$35,"Rural Vehicle Finance") -> 353 | F125: =SUMIFS(F$7:F$35,$B$7:$B$35,"Rural Vehicle Finance") -> 286 | G125: =SUMIFS(G$7:G$35,$B$7:$B$35,"Rural Vehicle Finance") -> 350 | H125: =SUMIFS(H$7:H$35,$B$7:$B$35,"Rural Vehicle Finance") -> 379 | I125: =SUMIFS(I$7:I$35,$B$7:$B$35,"Rural Vehicle Finance") -> 350 | J125: =SUMIFS(J$7:J$35,$B$7:$B$35,"Rural Vehicle Finance") -> 268 | K125: =SUMIFS(K$7:K$35,$B$7:$B$35,"Rural Vehicle Finance") -> 306 | L125: =SUMIFS(L$7:L$35,$B$7:$B$35,"Rural Vehicle Finance") -> 507 | ... Q125: =SUMIFS(Q$7:Q$35,$B$7:$B$35,"Rural Vehicle Finance") -> 13 | R125: =SUM(F125:P125) -> 4182 | S125: =R125/11 -> 380.18182 | T125: =P125/F125-1 -> 0.83566434 | U125: =P125/E125-1 -> 0.48725212
A126: 21 | B126: Product | C126: Rural Vehicle Finance — Sanction ₹ Cr | E126: =SUMIFS(E$73:E$101,$B$73:$B$101,"Rural Vehicle Finance") -> 18 | F126: =SUMIFS(F$73:F$101,$B$73:$B$101,"Rural Vehicle Finance") -> 15 | G126: =SUMIFS(G$73:G$101,$B$73:$B$101,"Rural Vehicle Finance") -> 17 | H126: =SUMIFS(H$73:H$101,$B$73:$B$101,"Rural Vehicle Finance") -> 20 | I126: =SUMIFS(I$73:I$101,$B$73:$B$101,"Rural Vehicle Finance") -> 18 | J126: =SUMIFS(J$73:J$101,$B$73:$B$101,"Rural Vehicle Finance") -> 16 | K126: =SUMIFS(K$73:K$101,$B$73:$B$101,"Rural Vehicle Finance") -> 16 | L126: =SUMIFS(L$73:L$101,$B$73:$B$101,"Rural Vehicle Finance") -> 28 | ... Q126: =SUMIFS(Q$73:Q$101,$B$73:$B$101,"Rural Vehicle Finance") -> 1 | R126: =SUM(F126:P126) -> 216 | S126: =R126/11 -> 19.636364 | T126: =P126/F126-1 -> 0.66666667 | U126: =P126/E126-1 -> 0.38888889
A127: 22 | B127: Product | C127: Education Loan — # customers | E127: =SUMIFS(E$7:E$35,$B$7:$B$35,"Education Loan") -> 228 | F127: =SUMIFS(F$7:F$35,$B$7:$B$35,"Education Loan") -> 250 | G127: =SUMIFS(G$7:G$35,$B$7:$B$35,"Education Loan") -> 283 | H127: =SUMIFS(H$7:H$35,$B$7:$B$35,"Education Loan") -> 426 | I127: =SUMIFS(I$7:I$35,$B$7:$B$35,"Education Loan") -> 546 | J127: =SUMIFS(J$7:J$35,$B$7:$B$35,"Education Loan") -> 499 | K127: =SUMIFS(K$7:K$35,$B$7:$B$35,"Education Loan") -> 472 | L127: =SUMIFS(L$7:L$35,$B$7:$B$35,"Education Loan") -> 315 | ... Q127: =SUMIFS(Q$7:Q$35,$B$7:$B$35,"Education Loan") -> 14 | R127: =SUM(F127:P127) -> 4253 | S127: =R127/11 -> 386.63636 | T127: =P127/F127-1 -> 0.232 | U127: =P127/E127-1 -> 0.35087719
A128: 23 | B128: Product | C128: Education Loan — Sanction ₹ Cr | E128: =SUMIFS(E$73:E$101,$B$73:$B$101,"Education Loan") -> 47 | F128: =SUMIFS(F$73:F$101,$B$73:$B$101,"Education Loan") -> 47 | G128: =SUMIFS(G$73:G$101,$B$73:$B$101,"Education Loan") -> 63 | H128: =SUMIFS(H$73:H$101,$B$73:$B$101,"Education Loan") -> 82 | I128: =SUMIFS(I$73:I$101,$B$73:$B$101,"Education Loan") -> 125 | J128: =SUMIFS(J$73:J$101,$B$73:$B$101,"Education Loan") -> 119 | K128: =SUMIFS(K$73:K$101,$B$73:$B$101,"Education Loan") -> 102 | L128: =SUMIFS(L$73:L$101,$B$73:$B$101,"Education Loan") -> 54 | ... Q128: =SUMIFS(Q$73:Q$101,$B$73:$B$101,"Education Loan") -> 2 | R128: =SUM(F128:P128) -> 825 | S128: =R128/11 -> 75 | T128: =P128/F128-1 -> -0.19148936 | U128: =P128/E128-1 -> -0.19148936
A129: 24 | B129: Product | C129: Business Loan — # customers | E129: =SUMIFS(E$7:E$35,$B$7:$B$35,"Business Loan") -> 6029 | F129: =SUMIFS(F$7:F$35,$B$7:$B$35,"Business Loan") -> 4397 | G129: =SUMIFS(G$7:G$35,$B$7:$B$35,"Business Loan") -> 5643 | H129: =SUMIFS(H$7:H$35,$B$7:$B$35,"Business Loan") -> 6018 | I129: =SUMIFS(I$7:I$35,$B$7:$B$35,"Business Loan") -> 6728 | J129: =SUMIFS(J$7:J$35,$B$7:$B$35,"Business Loan") -> 6368 | K129: =SUMIFS(K$7:K$35,$B$7:$B$35,"Business Loan") -> 7305 | L129: =SUMIFS(L$7:L$35,$B$7:$B$35,"Business Loan") -> 7222 | ... Q129: =SUMIFS(Q$7:Q$35,$B$7:$B$35,"Business Loan") -> 562 | R129: =SUM(F129:P129) -> 77971 | S129: =R129/11 -> 7088.2727 | T129: =P129/F129-1 -> 0.93973164 | U129: =P129/E129-1 -> 0.41466246
A130: 25 | B130: Product | C130: Business Loan — Sanction ₹ Cr | E130: =SUMIFS(E$73:E$101,$B$73:$B$101,"Business Loan") -> 1362 | F130: =SUMIFS(F$73:F$101,$B$73:$B$101,"Business Loan") -> 630 | G130: =SUMIFS(G$73:G$101,$B$73:$B$101,"Business Loan") -> 941 | H130: =SUMIFS(H$73:H$101,$B$73:$B$101,"Business Loan") -> 1254 | I130: =SUMIFS(I$73:I$101,$B$73:$B$101,"Business Loan") -> 1053 | J130: =SUMIFS(J$73:J$101,$B$73:$B$101,"Business Loan") -> 930 | K130: =SUMIFS(K$73:K$101,$B$73:$B$101,"Business Loan") -> 966 | L130: =SUMIFS(L$73:L$101,$B$73:$B$101,"Business Loan") -> 1196 | ... Q130: =SUMIFS(Q$73:Q$101,$B$73:$B$101,"Business Loan") -> 78 | R130: =SUM(F130:P130) -> 11315 | S130: =R130/11 -> 1028.6364 | T130: =P130/F130-1 -> 0.37936508 | U130: =P130/E130-1 -> -0.36196769
A131: 26 | B131: Product | C131: Personal Loan — # customers | E131: =SUMIFS(E$7:E$35,$B$7:$B$35,"Personal Loan") -> 16657 | F131: =SUMIFS(F$7:F$35,$B$7:$B$35,"Personal Loan") -> 16148 | G131: =SUMIFS(G$7:G$35,$B$7:$B$35,"Personal Loan") -> 18322 | H131: =SUMIFS(H$7:H$35,$B$7:$B$35,"Personal Loan") -> 19515 | I131: =SUMIFS(I$7:I$35,$B$7:$B$35,"Personal Loan") -> 22488 | J131: =SUMIFS(J$7:J$35,$B$7:$B$35,"Personal Loan") -> 25203 | K131: =SUMIFS(K$7:K$35,$B$7:$B$35,"Personal Loan") -> 30261 | L131: =SUMIFS(L$7:L$35,$B$7:$B$35,"Personal Loan") -> 31536 | ... Q131: =SUMIFS(Q$7:Q$35,$B$7:$B$35,"Personal Loan") -> 7519 | R131: =SUM(F131:P131) -> 311288 | S131: =R131/11 -> 28298.909 | T131: =P131/F131-1 -> 1.6408843 | U131: =P131/E131-1 -> 1.5601849
A132: 27 | B132: Product | C132: Personal Loan — Sanction ₹ Cr | E132: =SUMIFS(E$73:E$101,$B$73:$B$101,"Personal Loan") -> 460 | F132: =SUMIFS(F$73:F$101,$B$73:$B$101,"Personal Loan") -> 385 | G132: =SUMIFS(G$73:G$101,$B$73:$B$101,"Personal Loan") -> 455 | H132: =SUMIFS(H$73:H$101,$B$73:$B$101,"Personal Loan") -> 461 | I132: =SUMIFS(I$73:I$101,$B$73:$B$101,"Personal Loan") -> 578 | J132: =SUMIFS(J$73:J$101,$B$73:$B$101,"Personal Loan") -> 634 | K132: =SUMIFS(K$73:K$101,$B$73:$B$101,"Personal Loan") -> 694 | L132: =SUMIFS(L$73:L$101,$B$73:$B$101,"Personal Loan") -> 686 | ... Q132: =SUMIFS(Q$73:Q$101,$B$73:$B$101,"Personal Loan") -> 73 | R132: =SUM(F132:P132) -> 6806 | S132: =R132/11 -> 618.72727 | T132: =P132/F132-1 -> 0.92987013 | U132: =P132/E132-1 -> 0.61521739
A133: 28 | B133: Product | C133: Credit Card — # customers | E133: =SUMIFS(E$7:E$35,$B$7:$B$35,"Credit Card") -> 19260 | F133: =SUMIFS(F$7:F$35,$B$7:$B$35,"Credit Card") -> 16814 | G133: =SUMIFS(G$7:G$35,$B$7:$B$35,"Credit Card") -> 17440 | H133: =SUMIFS(H$7:H$35,$B$7:$B$35,"Credit Card") -> 17485 | I133: =SUMIFS(I$7:I$35,$B$7:$B$35,"Credit Card") -> 20340 | J133: =SUMIFS(J$7:J$35,$B$7:$B$35,"Credit Card") -> 18834 | K133: =SUMIFS(K$7:K$35,$B$7:$B$35,"Credit Card") -> 21251 | L133: =SUMIFS(L$7:L$35,$B$7:$B$35,"Credit Card") -> 20102 | ... Q133: =SUMIFS(Q$7:Q$35,$B$7:$B$35,"Credit Card") -> 177 | R133: =SUM(F133:P133) -> 206791 | S133: =R133/11 -> 18799.182 | T133: =P133/F133-1 -> -0.090222434 | U133: =P133/E133-1 -> -0.20576324
A134: 29 | B134: Product | C134: Credit Card — Sanction ₹ Cr | E134: =SUMIFS(E$73:E$101,$B$73:$B$101,"Credit Card") -> 137 | F134: =SUMIFS(F$73:F$101,$B$73:$B$101,"Credit Card") -> 120 | G134: =SUMIFS(G$73:G$101,$B$73:$B$101,"Credit Card") -> 120 | H134: =SUMIFS(H$73:H$101,$B$73:$B$101,"Credit Card") -> 115 | I134: =SUMIFS(I$73:I$101,$B$73:$B$101,"Credit Card") -> 128 | J134: =SUMIFS(J$73:J$101,$B$73:$B$101,"Credit Card") -> 119 | K134: =SUMIFS(K$73:K$101,$B$73:$B$101,"Credit Card") -> 124 | L134: =SUMIFS(L$73:L$101,$B$73:$B$101,"Credit Card") -> 113 | ... Q134: =SUMIFS(Q$73:Q$101,$B$73:$B$101,"Credit Card") -> 0 | R134: =SUM(F134:P134) -> 1151 | S134: =R134/11 -> 104.63636 | T134: =P134/F134-1 -> -0.63333333 | U134: =P134/E134-1 -> -0.67883212
A135: 30 | B135: Product | C135: Agri — # customers | E135: =SUMIFS(E$7:E$35,$B$7:$B$35,"Agri") -> 627 | F135: =SUMIFS(F$7:F$35,$B$7:$B$35,"Agri") -> 458 | G135: =SUMIFS(G$7:G$35,$B$7:$B$35,"Agri") -> 614 | H135: =SUMIFS(H$7:H$35,$B$7:$B$35,"Agri") -> 682 | I135: =SUMIFS(I$7:I$35,$B$7:$B$35,"Agri") -> 696 | J135: =SUMIFS(J$7:J$35,$B$7:$B$35,"Agri") -> 614 | K135: =SUMIFS(K$7:K$35,$B$7:$B$35,"Agri") -> 681 | L135: =SUMIFS(L$7:L$35,$B$7:$B$35,"Agri") -> 534 | ... Q135: =SUMIFS(Q$7:Q$35,$B$7:$B$35,"Agri") -> 49 | R135: =SUM(F135:P135) -> 6316 | S135: =R135/11 -> 574.18182 | T135: =P135/F135-1 -> 0.03930131 | U135: =P135/E135-1 -> -0.24082935
A136: 31 | B136: Product | C136: Agri — Sanction ₹ Cr | E136: =SUMIFS(E$73:E$101,$B$73:$B$101,"Agri") -> 47 | F136: =SUMIFS(F$73:F$101,$B$73:$B$101,"Agri") -> 36 | G136: =SUMIFS(G$73:G$101,$B$73:$B$101,"Agri") -> 29 | H136: =SUMIFS(H$73:H$101,$B$73:$B$101,"Agri") -> 54 | I136: =SUMIFS(I$73:I$101,$B$73:$B$101,"Agri") -> 51 | J136: =SUMIFS(J$73:J$101,$B$73:$B$101,"Agri") -> 36 | K136: =SUMIFS(K$73:K$101,$B$73:$B$101,"Agri") -> 50 | L136: =SUMIFS(L$73:L$101,$B$73:$B$101,"Agri") -> 46 | ... Q136: =SUMIFS(Q$73:Q$101,$B$73:$B$101,"Agri") -> 1 | R136: =SUM(F136:P136) -> 430 | S136: =R136/11 -> 39.090909 | T136: =P136/F136-1 -> -0.30555556 | U136: =P136/E136-1 -> -0.46808511
A137: 32 | B137: Product | C137: Consumer Loan — # customers | E137: =SUMIFS(E$7:E$35,$B$7:$B$35,"Consumer Loan") -> 6595 | F137: =SUMIFS(F$7:F$35,$B$7:$B$35,"Consumer Loan") -> 7896 | G137: =SUMIFS(G$7:G$35,$B$7:$B$35,"Consumer Loan") -> 9320 | H137: =SUMIFS(H$7:H$35,$B$7:$B$35,"Consumer Loan") -> 11406 | I137: =SUMIFS(I$7:I$35,$B$7:$B$35,"Consumer Loan") -> 15571 | J137: =SUMIFS(J$7:J$35,$B$7:$B$35,"Consumer Loan") -> 19340 | K137: =SUMIFS(K$7:K$35,$B$7:$B$35,"Consumer Loan") -> 23717 | L137: =SUMIFS(L$7:L$35,$B$7:$B$35,"Consumer Loan") -> 36897 | ... Q137: =SUMIFS(Q$7:Q$35,$B$7:$B$35,"Consumer Loan") -> 1801 | R137: =SUM(F137:P137) -> 223613 | S137: =R137/11 -> 20328.455 | T137: =P137/F137-1 -> 2.1477964 | U137: =P137/E137-1 -> 2.7687642
A138: 33 | B138: Product | C138: Consumer Loan — Sanction ₹ Cr | E138: =SUMIFS(E$73:E$101,$B$73:$B$101,"Consumer Loan") -> 28 | F138: =SUMIFS(F$73:F$101,$B$73:$B$101,"Consumer Loan") -> 33 | G138: =SUMIFS(G$73:G$101,$B$73:$B$101,"Consumer Loan") -> 40 | H138: =SUMIFS(H$73:H$101,$B$73:$B$101,"Consumer Loan") -> 40 | I138: =SUMIFS(I$73:I$101,$B$73:$B$101,"Consumer Loan") -> 53 | J138: =SUMIFS(J$73:J$101,$B$73:$B$101,"Consumer Loan") -> 65 | K138: =SUMIFS(K$73:K$101,$B$73:$B$101,"Consumer Loan") -> 70 | L138: =SUMIFS(L$73:L$101,$B$73:$B$101,"Consumer Loan") -> 107 | ... Q138: =SUMIFS(Q$73:Q$101,$B$73:$B$101,"Consumer Loan") -> 6 | R138: =SUM(F138:P138) -> 699 | S138: =R138/11 -> 63.545455 | T138: =P138/F138-1 -> 1.2727273 | U138: =P138/E138-1 -> 1.6785714
A139: 34 | B139: Product | C139: LAS — # customers | E139: =SUMIFS(E$7:E$35,$B$7:$B$35,"LAS") -> 309 | F139: =SUMIFS(F$7:F$35,$B$7:$B$35,"LAS") -> 277 | G139: =SUMIFS(G$7:G$35,$B$7:$B$35,"LAS") -> 297 | H139: =SUMIFS(H$7:H$35,$B$7:$B$35,"LAS") -> 309 | I139: =SUMIFS(I$7:I$35,$B$7:$B$35,"LAS") -> 357 | J139: =SUMIFS(J$7:J$35,$B$7:$B$35,"LAS") -> 371 | K139: =SUMIFS(K$7:K$35,$B$7:$B$35,"LAS") -> 423 | L139: =SUMIFS(L$7:L$35,$B$7:$B$35,"LAS") -> 456 | ... Q139: =SUMIFS(Q$7:Q$35,$B$7:$B$35,"LAS") -> 1 | R139: =SUM(F139:P139) -> 4236 | S139: =R139/11 -> 385.09091 | T139: =P139/F139-1 -> 0.55956679 | U139: =P139/E139-1 -> 0.39805825
A140: 35 | B140: Product | C140: LAS — Sanction ₹ Cr | E140: =SUMIFS(E$73:E$101,$B$73:$B$101,"LAS") -> 68 | F140: =SUMIFS(F$73:F$101,$B$73:$B$101,"LAS") -> 64 | G140: =SUMIFS(G$73:G$101,$B$73:$B$101,"LAS") -> 65 | H140: =SUMIFS(H$73:H$101,$B$73:$B$101,"LAS") -> 174 | I140: =SUMIFS(I$73:I$101,$B$73:$B$101,"LAS") -> 206 | J140: =SUMIFS(J$73:J$101,$B$73:$B$101,"LAS") -> 142 | K140: =SUMIFS(K$73:K$101,$B$73:$B$101,"LAS") -> 197 | L140: =SUMIFS(L$73:L$101,$B$73:$B$101,"LAS") -> 68 | ... Q140: =SUMIFS(Q$73:Q$101,$B$73:$B$101,"LAS") -> 1 | R140: =SUM(F140:P140) -> 1426 | S140: =R140/11 -> 129.63636 | T140: =P140/F140-1 -> 0.65625 | U140: =P140/E140-1 -> 0.55882353
A141: 36 | B141: Product | C141: Overdraft — # customers | E141: =SUMIFS(E$7:E$35,$B$7:$B$35,"Overdraft") -> 1024 | F141: =SUMIFS(F$7:F$35,$B$7:$B$35,"Overdraft") -> 750 | G141: =SUMIFS(G$7:G$35,$B$7:$B$35,"Overdraft") -> 798 | H141: =SUMIFS(H$7:H$35,$B$7:$B$35,"Overdraft") -> 891 | I141: =SUMIFS(I$7:I$35,$B$7:$B$35,"Overdraft") -> 968 | J141: =SUMIFS(J$7:J$35,$B$7:$B$35,"Overdraft") -> 942 | K141: =SUMIFS(K$7:K$35,$B$7:$B$35,"Overdraft") -> 1099 | L141: =SUMIFS(L$7:L$35,$B$7:$B$35,"Overdraft") -> 1036 | ... Q141: =SUMIFS(Q$7:Q$35,$B$7:$B$35,"Overdraft") -> 125 | R141: =SUM(F141:P141) -> 11793 | S141: =R141/11 -> 1072.0909 | T141: =P141/F141-1 -> 0.86266667 | U141: =P141/E141-1 -> 0.36425781
A142: 37 | B142: Product | C142: Overdraft — Sanction ₹ Cr | E142: =SUMIFS(E$73:E$101,$B$73:$B$101,"Overdraft") -> 392 | F142: =SUMIFS(F$73:F$101,$B$73:$B$101,"Overdraft") -> 198 | G142: =SUMIFS(G$73:G$101,$B$73:$B$101,"Overdraft") -> 223 | H142: =SUMIFS(H$73:H$101,$B$73:$B$101,"Overdraft") -> 366 | I142: =SUMIFS(I$73:I$101,$B$73:$B$101,"Overdraft") -> 446 | J142: =SUMIFS(J$73:J$101,$B$73:$B$101,"Overdraft") -> 258 | K142: =SUMIFS(K$73:K$101,$B$73:$B$101,"Overdraft") -> 599 | L142: =SUMIFS(L$73:L$101,$B$73:$B$101,"Overdraft") -> 249 | ... Q142: =SUMIFS(Q$73:Q$101,$B$73:$B$101,"Overdraft") -> 13 | R142: =SUM(F142:P142) -> 4428 | S142: =R142/11 -> 402.54545 | T142: =P142/F142-1 -> 1.1919192 | U142: =P142/E142-1 -> 0.10714286
A143: 38 | B143: Product | C143: Used Car Loan — # customers | E143: =SUMIFS(E$7:E$35,$B$7:$B$35,"Used Car Loan") -> 893 | F143: =SUMIFS(F$7:F$35,$B$7:$B$35,"Used Car Loan") -> 692 | G143: =SUMIFS(G$7:G$35,$B$7:$B$35,"Used Car Loan") -> 801 | H143: =SUMIFS(H$7:H$35,$B$7:$B$35,"Used Car Loan") -> 801 | I143: =SUMIFS(I$7:I$35,$B$7:$B$35,"Used Car Loan") -> 839 | J143: =SUMIFS(J$7:J$35,$B$7:$B$35,"Used Car Loan") -> 794 | K143: =SUMIFS(K$7:K$35,$B$7:$B$35,"Used Car Loan") -> 756 | L143: =SUMIFS(L$7:L$35,$B$7:$B$35,"Used Car Loan") -> 795 | ... Q143: =SUMIFS(Q$7:Q$35,$B$7:$B$35,"Used Car Loan") -> 45 | R143: =SUM(F143:P143) -> 8649 | S143: =R143/11 -> 786.27273 | T143: =P143/F143-1 -> 0.1300578 | U143: =P143/E143-1 -> -0.12430011
A144: 39 | B144: Product | C144: Used Car Loan — Sanction ₹ Cr | E144: =SUMIFS(E$73:E$101,$B$73:$B$101,"Used Car Loan") -> 79 | F144: =SUMIFS(F$73:F$101,$B$73:$B$101,"Used Car Loan") -> 57 | G144: =SUMIFS(G$73:G$101,$B$73:$B$101,"Used Car Loan") -> 68 | H144: =SUMIFS(H$73:H$101,$B$73:$B$101,"Used Car Loan") -> 64 | I144: =SUMIFS(I$73:I$101,$B$73:$B$101,"Used Car Loan") -> 67 | J144: =SUMIFS(J$73:J$101,$B$73:$B$101,"Used Car Loan") -> 65 | K144: =SUMIFS(K$73:K$101,$B$73:$B$101,"Used Car Loan") -> 61 | L144: =SUMIFS(L$73:L$101,$B$73:$B$101,"Used Car Loan") -> 61 | ... Q144: =SUMIFS(Q$73:Q$101,$B$73:$B$101,"Used Car Loan") -> 3 | R144: =SUM(F144:P144) -> 714 | S144: =R144/11 -> 64.909091 | T144: =P144/F144-1 -> 0.22807018 | U144: =P144/E144-1 -> -0.11392405
A146: E. Product mix over 11 full months (Apr-25 … Feb-26)
A147: # | B147: Product | C147: # customers (11M) | D147: Share of # | E147: Sanction ₹ Cr (11M) | F147: Share of ₹ | G147: Implied ATS ₹ lakh | H147: Count growth Feb-26 vs Apr-25 | I147: Sanction growth Feb-26 vs Apr-25 | J147: Contribution to Δ# (Feb-26 vs Apr-25)
A148: 1 | B148: Housing Loan | C148: =R115 -> 34716 | D148: =C148/$R$106 -> 0.029009365 | E148: =R116 -> 19916 | F148: =E148/$R$107 -> 0.24589476 | G148: =E148*100/C148 -> 57.36836 | H148: =T115 -> 0.5640327 | I148: =T116 -> 0.65614035 | J148: =(P115-F115)/(P106-F106) -> 0.014702227
A149: 2 | B149: Property Loan | C149: =R117 -> 22558 | D149: =C149/$R$106 -> 0.018849904 | E149: =R118 -> 20932 | F149: =E149/$R$107 -> 0.2584389 | G149: =E149*100/C149 -> 92.791914 | H149: =T117 -> 0.50034176 | I149: =T118 -> 0.40819312 | J149: =(P117-F117)/(P106-F106) -> 0.0086650804
A150: 3 | B150: Gold Loan | C150: =R119 -> 208262 | D150: =C150/$R$106 -> 0.17402778 | E150: =R120 -> 8064 | F150: =E150/$R$107 -> 0.099562931 | G150: =E150*100/C150 -> 3.8720458 | H150: =T119 -> 5.23415 | I150: =T120 -> 11.369048 | J150: =(P119-F119)/(P106-F106) -> 0.41729702
A151: 4 | B151: Two Wheeler Loan | C151: =R121 -> 44276 | D151: =C151/$R$106 -> 0.036997887 | E151: =R122 -> 476 | F151: =E151/$R$107 -> 0.0058769785 | G151: =E151*100/C151 -> 1.0750745 | H151: =T121 -> -0.078531225 | I151: =T122 -> -0.025641026 | J151: =(P121-F121)/(P106-F106) -> -0.0034683997
A152: 5 | B152: Auto Loan | C152: =R123 -> 27813 | D152: =C152/$R$106 -> 0.023241084 | E152: =R124 -> 3596 | F152: =E152/$R$107 -> 0.04439835 | G152: =E152*100/C152 -> 12.929206 | H152: =T123 -> 0.12893844 | I152: =T124 -> 0.071174377 | J152: =(P123-F123)/(P106-F106) -> 0.0031487861
A153: 6 | B153: Rural Vehicle Finance | C153: =R125 -> 4182 | D153: =C153/$R$106 -> 0.0034945605 | E153: =R126 -> 216 | F153: =E153/$R$107 -> 0.0026668642 | G153: =E153*100/C153 -> 5.1649928 | H153: =T125 -> 0.83566434 | I153: =T126 -> 0.66666667 | J153: =(P125-F125)/(P106-F106) -> 0.0028291724
A154: 7 | B154: Education Loan | C154: =R127 -> 4253 | D154: =C154/$R$106 -> 0.0035538895 | E154: =R128 -> 825 | F154: =E154/$R$107 -> 0.01018594 | G154: =E154*100/C154 -> 19.398072 | H154: =T127 -> 0.232 | I154: =T128 -> -0.19148936 | J154: =(P127-F127)/(P106-F106) -> 0.00068657741
A155: 8 | B155: Business Loan | C155: =R129 -> 77971 | D155: =C155/$R$106 -> 0.065154084 | E155: =R130 -> 11315 | F155: =E155/$R$107 -> 0.13970171 | G155: =E155*100/C155 -> 14.511806 | H155: =T129 -> 0.93973164 | I155: =T130 -> 0.37936508 | J155: =(P129-F129)/(P106-F106) -> 0.048912722
A156: 9 | B156: Personal Loan | C156: =R131 -> 311288 | D156: =C156/$R$106 -> 0.26011831 | E156: =R132 -> 6806 | F156: =E156/$R$107 -> 0.084030916 | G156: =E156*100/C156 -> 2.1863997 | H156: =T131 -> 1.6408843 | I156: =T132 -> 0.92987013 | J156: =(P131-F131)/(P106-F106) -> 0.31365934
...

Sheet B1_Metrics
A1: New originations: notation and metrics
A2: Format: Notation → Exhaustive metrics table | Example column = live Excel formula on the block sheet (green = cross-sheet)
A3: ⚠ DRAFT ONLY — Requires review and approval by a qualified Alvarez and Marsal professional before use.
A5: Notation
B6: Symbol | C6: Meaning
B7: N(p,f,m) | C7: Distinct SA customers originated in product p, footprint f (OFFUS / ONUS), month m
B8: ATS(p,f,m) | C8: Average ticket size, ₹ lakh
B9: S(p,f,m) | C9: Sanction amount, ₹ Cr; S ≈ N × ATS ÷ 100
B10: m | C10: Mar-25 … Mar-26; Mar-26 partial
B11: 11M | C11: Apr-25 … Feb-26 (full months)
B12: N(m), S(m) | C12: Bank totals across products and footprints
B13: ATS_b(m) | C13: Implied bank ATS = S(m) × 100 ÷ N(m)
B14: g | C14: Feb-26 ÷ Apr-25 − 1 unless stated
B15: sh | C15: Share of 11M total
B16: ONUS% | C16: ONUS ÷ (OFFUS + ONUS)
B17: Counts are distinct SA customers; ATS in ₹ lakh; Sanction in ₹ Cr; growth in %; shares in %.
A19: Exhaustive metrics table
A20: # | B20: Metric family | C20: Pipeline-ready metric | D20: Definition / formula | E20: Applies to | F20: Example
A21: 1 | B21: Fact lookup | C21: Customers originated | D21: N(p,f,m) | E21: 29 rows × 13 months | F21: ="Gold Loan OFFUS Apr-25 → Feb-26 "&TEXT(B1_Originations!F11,"#,##0")&" → "&TEXT(B1_Originations!P11,"#,##0")&"; Personal Loan OFFUS "&TEXT(B1_Originations!F23,"#,##0")&" → "&TEXT(B1_Originations!P23,"#,##0") -> Gold Loan OFFUS Apr-25 → Feb-26 6,331 → 38,463; Personal Loan OFFUS 16,072 → 42,373
A22: 2 | B22: Fact lookup | C22: ATS | D22: ATS(p,f,m) | E22: 29 × 13 | F22: ="Housing Loan OFFUS "&TEXT(B1_Originations!F40,"#,##0.00")&" / "&TEXT(B1_Originations!I40,"#,##0.00")&" / "&TEXT(B1_Originations!L40,"#,##0.00")&" / "&TEXT(B1_Originations!P40,"#,##0.00")&" (Apr / Jul / Oct / Feb)" -> Housing Loan OFFUS 55.30 / 57.33 / 66.53 / 58.26 (Apr / Jul / Oct / Feb)
A23: 3 | B23: Fact lookup | C23: Sanction | D23: S(p,f,m) | E23: 29 × 13 | F23: ="Housing Loan OFFUS "&TEXT(B1_Originations!F73,"#,##0;-#,##0;0")&" / "&TEXT(B1_Originations!I73,"#,##0;-#,##0;0")&" / "&TEXT(B1_Originations!L73,"#,##0;-#,##0;0")&" / "&TEXT(B1_Originations!P73,"#,##0;-#,##0;0") -> Housing Loan OFFUS 1,047 / 1,630 / 1,716 / 1,749
A24: 4 | B24: Fact lookup | C24: 13M distinct customers | D24: Printed footprint count | E24: 29 rows | F24: ="Personal Loan OFFUS "&TEXT(B1_Originations!D23,"#,##0")&"; Credit Card OFFUS "&TEXT(B1_Originations!D25,"#,##0") -> Personal Loan OFFUS 286,830; Credit Card OFFUS 213,489
A25: 5 | B25: Roll-up check | C25: Sanction identity | D25: |Σm N × ATS ÷ 100 − Σm S| | E25: 29 rows | F25: ="max "&TEXT(MAX(B1_Originations!U73:U101),"#,##0;-#,##0;0")&" ₹ Cr (rounding)" -> max 4 ₹ Cr (rounding)
A26: 6 | B26: Roll-up check | C26: 13M distinct vs Σ monthly | D26: Σm N(p,f,m) ÷ printed 13M distinct | E26: 29 rows | F26: ="PL OFFUS "&TEXT(SUM(B1_Originations!E23:Q23)/B1_Originations!D23,"0.00""x""")&"; Gold OFFUS "&TEXT(SUM(B1_Originations!E11:Q11)/B1_Originations!D11,"0.00""x""")&" (>1 = repeat customers within the year)" -> PL OFFUS 1.16x; Gold OFFUS 1.50x (>1 = repeat customers within the year)
A27: 7 | B27: Volume aggregates | C27: Bank customers by month | D27: N(m) | E27: 13 months | F27: =TEXT(B1_Originations!F106,"#,##0")&" / "&TEXT(B1_Originations!G106,"#,##0")&" / "&TEXT(B1_Originations!H106,"#,##0")&" / "&TEXT(B1_Originations!I106,"#,##0")&" / "&TEXT(B1_Originations!J106,"#,##0")&" / "&TEXT(B1_Originations!K106,"#,##0")&" / "&TEXT(B1_Originations!L106,"#,##0")&" / "&TEXT(B1_Originations!M106,"#,##0")&" / "&TEXT(B1_Originations!N106,"#,##0")&" / "&TEXT(B1_Originations!O106,"#,##0")&" / "&TEXT(B1_Originations!P106,"#,##0")&" (Apr-25 … Feb-26)" -> 64,162 / 74,295 / 78,779 / 91,867 / 95,584 / 113,823 / 134,642 / 119,689 / 131,253 / 143,984 / 148,639 (Apr-25 … Feb-26)
A28: 8 | B28: Volume aggregates | C28: Bank sanction by month | D28: S(m) | E28: 13 months | F28: =TEXT(B1_Originations!F107,"#,##0;-#,##0;0")&" / "&TEXT(B1_Originations!G107,"#,##0;-#,##0;0")&" / "&TEXT(B1_Originations!H107,"#,##0;-#,##0;0")&" / "&TEXT(B1_Originations!I107,"#,##0;-#,##0;0")&" / "&TEXT(B1_Originations!J107,"#,##0;-#,##0;0")&" / "&TEXT(B1_Originations!K107,"#,##0;-#,##0;0")&" / "&TEXT(B1_Originations!L107,"#,##0;-#,##0;0")&" / "&TEXT(B1_Originations!M107,"#,##0;-#,##0;0")&" / "&TEXT(B1_Originations!N107,"#,##0;-#,##0;0")&" / "&TEXT(B1_Originations!O107,"#,##0;-#,##0;0")&" / "&TEXT(B1_Originations!P107,"#,##0;-#,##0;0") -> 4,580 / 5,642 / 6,329 / 6,813 / 6,851 / 8,402 / 7,442 / 7,856 / 9,670 / 8,750 / 8,659
A29: 9 | B29: Volume aggregates | C29: 11M totals | D29: Σ N, Σ S | E29: Bank | F29: =TEXT(B1_Originations!R106,"#,##0")&" customers; "&TEXT(B1_Originations!R107,"#,##0;-#,##0;0")&" ₹ Cr" -> 1,196,717 customers; 80,994 ₹ Cr
A30: 10 | B30: Volume aggregates | C30: Average month | D30: Σ ÷ 11 | E30: Bank | F30: =TEXT(B1_Originations!S106,"#,##0")&" customers; "&TEXT(B1_Originations!S107,"#,##0;-#,##0;0")&" ₹ Cr" -> 108,792 customers; 7,363 ₹ Cr
A31: 11 | B31: Volume aggregates | C31: Product 11M totals | D31: Σm N(p), Σm S(p) | E31: 15 products | F31: ="Gold "&TEXT(B1_Originations!C150,"#,##0")&" / "&TEXT(B1_Originations!E150,"#,##0;-#,##0;0")&"; Housing "&TEXT(B1_Originations!C148,"#,##0")&" / "&TEXT(B1_Originations!E148,"#,##0;-#,##0;0") -> Gold 208,262 / 8,064; Housing 34,716 / 19,916
A32: 12 | B32: Ticket size | C32: Bank implied ATS | D32: ATS_b(m) | E32: 13 months | F32: =TEXT(B1_Originations!F108,"#,##0.00")&" / "&TEXT(B1_Originations!I108,"#,##0.00")&" / "&TEXT(B1_Originations!L108,"#,##0.00")&" / "&TEXT(B1_Originations!P108,"#,##0.00")&" (Apr / Jul / Oct / Feb)" -> 7.14 / 7.42 / 5.53 / 5.83 (Apr / Jul / Oct / Feb)
A33: 13 | B33: Ticket size | C33: Product 11M ATS | D33: Σ S(p) × 100 ÷ Σ N(p) | E33: 15 products | F33: ="Housing "&TEXT(B1_Originations!G148,"#,##0.00")&"; Property "&TEXT(B1_Originations!G149,"#,##0.00")&"; Gold "&TEXT(B1_Originations!G150,"#,##0.00")&"; PL "&TEXT(B1_Originations!G156,"#,##0.00")&"; Card "&TEXT(B1_Originations!G157,"#,##0.00") -> Housing 57.37; Property 92.79; Gold 3.87; PL 2.19; Card 0.56
A34: 14 | B34: Ticket size | C34: Weighted ATS by row | D34: Σ N × ATS ÷ Σ N (11M) | E34: 29 rows | F34: ="Business Loan OFFUS "&TEXT(B1_Originations!R54,"#,##0.00")&" vs ONUS "&TEXT(B1_Originations!R55,"#,##0.00") -> Business Loan OFFUS 13.37 vs ONUS 119.69
A35: 15 | B35: Ticket size | C35: ATS change | D35: ATS(Feb-26) ÷ ATS(Apr-25) − 1 | E35: 29 rows | F35: ="Credit Card OFFUS "&TEXT(B1_Originations!S58,"+0.0%;-0.0%;0.0%")&"; Gold OFFUS "&TEXT(B1_Originations!S44,"+0.0%;-0.0%;0.0%")&"; PL OFFUS "&TEXT(B1_Originations!S56,"+0.0%;-0.0%;0.0%") -> Credit Card OFFUS -61.6%; Gold OFFUS +95.4%; PL OFFUS -27.3%
A36: 16 | B36: Ticket size | C36: ONUS ÷ OFFUS ATS ratio | D36: ATS_ONUS ÷ ATS_OFFUS (11M wtd) | E36: 12 products with both | F36: ="Business Loan "&TEXT(B1_Originations!R55/B1_Originations!R54,"0.00""x""")&"; Gold "&TEXT(B1_Originations!R45/B1_Originations!R44,"0.00""x""") -> Business Loan 8.95x; Gold 1.59x
A37: 17 | B37: Growth & momentum | C37: Bank growth | D37: g(N), g(S) | E37: Feb-26 vs Apr-25 and vs Mar-25 | F37: ="N "&TEXT(B1_Originations!T106,"+0.0%;-0.0%;0.0%")&" / "&TEXT(B1_Originations!U106,"+0.0%;-0.0%;0.0%")&"; S "&TEXT(B1_Originations!T107,"+0.0%;-0.0%;0.0%")&" / "&TEXT(B1_Originations!U107,"+0.0%;-0.0%;0.0%") -> N +131.7% / +109.8%; S +89.1% / +12.3%
A38: 18 | B38: Growth & momentum | C38: Product count growth | D38: g(N(p)) | E38: 15 products | F38: ="Gold "&TEXT(B1_Originations!H150,"+0.0%;-0.0%;0.0%")&"; PL "&TEXT(B1_Originations!H156,"+0.0%;-0.0%;0.0%")&"; Consumer "&TEXT(B1_Originations!H159,"+0.0%;-0.0%;0.0%")&"; Housing "&TEXT(B1_Originations!H148,"+0.0%;-0.0%;0.0%")&"; Card "&TEXT(B1_Originations!H157,"+0.0%;-0.0%;0.0%") -> Gold +523.4%; PL +164.1%; Consumer +214.8%; Housing +56.4%; Card -9.0%
A39: 19 | B39: Growth & momentum | C39: Product sanction growth | D39: g(S(p)) | E39: 15 products | F39: ="Gold "&TEXT(B1_Originations!I150,"+0.0%;-0.0%;0.0%")&"; PL "&TEXT(B1_Originations!I156,"+0.0%;-0.0%;0.0%")&"; Housing "&TEXT(B1_Originations!I148,"+0.0%;-0.0%;0.0%")&"; Business "&TEXT(B1_Originations!I155,"+0.0%;-0.0%;0.0%") -> Gold +1136.9%; PL +93.0%; Housing +65.6%; Business +37.9%
A40: 20 | B40: Growth & momentum | C40: MoM growth in bank customers | D40: N(m) ÷ N(m−1) − 1 | E40: 12 pairs | F40: =TEXT(B1_Originations!G106/B1_Originations!F106-1,"+0.0%;-0.0%;0.0%")&" / "&TEXT(B1_Originations!H106/B1_Originations!G106-1,"+0.0%;-0.0%;0.0%")&" / "&TEXT(B1_Originations!I106/B1_Originations!H106-1,"+0.0%;-0.0%;0.0%")&" / "&TEXT(B1_Originations!J106/B1_Originations!I106-1,"+0.0%;-0.0%;0.0%")&" / "&TEXT(B1_Originations!K106/B1_Originations!J106-1,"+0.0%;-0.0%;0.0%")&" / "&TEXT(B1_Originations!L106/B1_Originations!K106-1,"+0.0%;-0.0%;0.0%")&" / "&TEXT(B1_Originations!M106/B1_Originations!L106-1,"+0.0%;-0.0%;0.0%")&" / "&TEXT(B1_Originations!N106/B1_Originations!M106-1,"+0.0%;-0.0%;0.0%")&" / "&TEXT(B1_Originations!O106/B1_Originations!N106-1,"+0.0%;-0.0%;0.0%")&" / "&TEXT(B1_Originations!P106/B1_Originations!O106-1,"+0.0%;-0.0%;0.0%")&" (May-25 … Feb-26)" -> +15.8% / +6.0% / +16.6% / +4.0% / +19.1% / +18.3% / -11.1% / +9.7% / +9.7% / +3.2% (May-25 … Feb-26)
A41: 21 | B41: Growth & momentum | C41: Compounded monthly growth (customers) | D41: (N(Feb-26) ÷ N(Apr-25))^(1/10) − 1 | E41: Bank | F41: =TEXT((B1_Originations!P106/B1_Originations!F106)^(1/10)-1,"+0.0%;-0.0%;0.0%") -> +8.8%
A42: 22 | B42: Growth & momentum | C42: Peak month | D42: MAX N(m) and month | E42: 11 months | F42: =INDEX(B1_Originations!F105:P105,MATCH(MAX(B1_Originations!F106:P106),B1_Originations!F106:P106,0))&" "&TEXT(MAX(B1_Originations!F106:P106),"#,##0") -> Feb-26 148,639
A43: 23 | B43: Mix & share | C43: Product share of customers (11M) | D43: sh_N(p) | E43: 15 products | F43: ="PL "&TEXT(B1_Originations!D156,"0.0%")&"; Card "&TEXT(B1_Originations!D157,"0.0%")&"; Consumer "&TEXT(B1_Originations!D159,"0.0%")&"; Gold "&TEXT(B1_Originations!D150,"0.0%") -> PL 26.0%; Card 17.3%; Consumer 18.7%; Gold 17.4%
A44: 24 | B44: Mix & share | C44: Product share of sanction (11M) | D44: sh_S(p) | E44: 15 products | F44: ="Housing "&TEXT(B1_Originations!F148,"0.0%")&"; Property "&TEXT(B1_Originations!F149,"0.0%")&"; Business "&TEXT(B1_Originations!F155,"0.0%")&"; Gold "&TEXT(B1_Originations!F150,"0.0%")&"; PL "&TEXT(B1_Originations!F156,"0.0%") -> Housing 24.6%; Property 25.8%; Business 14.0%; Gold 10.0%; PL 8.4%
A45: 25 | B45: Mix & share | C45: Count vs value share gap | D45: sh_N − sh_S | E45: 15 products | F45: ="PL "&TEXT((B1_Originations!D156-B1_Originations!F156)*100,"+0.0"" pp"";-0.0"" pp"";0.0"" pp""")&"; Housing "&TEXT((B1_Originations!D148-B1_Originations!F148)*100,"+0.0"" pp"";-0.0"" pp"";0.0"" pp""") -> PL +17.6 pp; Housing -21.7 pp
A46: 26 | B46: Mix & share | C46: ONUS share | D46: ONUS% of N and of S | E46: 13 months | F46: ="# Apr-25 "&TEXT(B1_Originations!F113,"0.0%")&" → Feb-26 "&TEXT(B1_Originations!P113,"0.0%")&"; ₹ "&TEXT(B1_Originations!F114,"0.0%")&" → "&TEXT(B1_Originations!P114,"0.0%") -> # Apr-25 4.4% → Feb-26 5.1%; ₹ 9.1% → 8.3%
A47: 27 | B47: Attribution | C47: Contribution to customer growth | D47: ΔN(p) ÷ ΔN (Feb-26 vs Apr-25) | E47: 15 products | F47: ="Gold "&TEXT(B1_Originations!J150,"0.0%")&"; PL "&TEXT(B1_Originations!J156,"0.0%")&"; Consumer "&TEXT(B1_Originations!J159,"0.0%")&"; Card "&TEXT(B1_Originations!J157,"0.0%") -> Gold 41.7%; PL 31.4%; Consumer 20.1%; Card -1.8%
A48: 28 | B48: Concentration | C48: Top-3 products by customers | D48: Σ top-3 sh_N | E48: 15 products | F48: =TEXT(SUMPRODUCT(LARGE(B1_Originations!D148:D162,{1,2,3})),"0.0%") -> 62.1%
A49: 29 | B49: Concentration | C49: Top-3 products by sanction | D49: Σ top-3 sh_S | E49: 15 products | F49: =TEXT(SUMPRODUCT(LARGE(B1_Originations!F148:F162,{1,2,3})),"0.0%") -> 64.4%
A50: 30 | B50: Volatility | C50: Two-Wheeler Oct-25 spike | D50: N(Oct) ÷ avg(other months) | E50: Event | F50: =TEXT(B1_Originations!L13/AVERAGE(B1_Originations!F13:K13,B1_Originations!M13:P13),"0.00""x""")&" (festive season)" -> 1.93x (festive season)
A51: 31 | B51: Volatility | C51: Consumer Loan Oct-25 spike | D51: N(Oct) ÷ N(Sep) | E51: Event | F51: =TEXT(B1_Originations!L29/B1_Originations!K29-1,"+0.0%;-0.0%;0.0%") -> +55.6%
A52: 32 | B52: Data integrity | C52: Partial month | D52: N(Mar-26) ÷ N(Feb-26) | E52: Bank | F52: =TEXT(B1_Originations!Q106/B1_Originations!P106,"0.0%")&" — exclude Mar-26 from trends" -> 10.6% — exclude Mar-26 from trends
A53: 33 | B53: Data integrity | C53: Header mismatch | D53: Table-2 month labels | E53: Page | F53: Second table headers mislabelled (Mar-25, Feb-25, Jan-25, Dec-24 …); counts identical → mapped to table-1 months
A54: 34 | B54: Data integrity | C54: Zero-ATS cells | D54: ATS = 0 where N = 0 | E54: ONUS rows | F54: =TEXT(COUNTIF(B1_Originations!E40:Q68,0),"#,##0")&" zero cells (mostly Mar-26 ONUS)" -> 15 zero cells (mostly Mar-26 ONUS)
A56: ⚠ DRAFT ONLY — Requires review and approval by a qualified Alvarez and Marsal professional before use.
